timestamp,category,name,price,url
2025-11-18 03:46:49.086665+00:00,memory,"Memória RAM Kingston Fury Renegade Pro, 16GB, 4800MHz, DDR5, ECC Reg CL36, PnP, para Servidor, Preto - KF548R36RB-16",991.99,https://www.kabum.com.br/produto/481322/memoria-ram-kingston-fury-renegade-pro-16gb-4800mhz-ddr5-ecc-reg-cl36-pnp-para-servidor-preto-kf548r36rb-16
2025-11-18 04:21:10.663376+00:00,memory,"Memória RAM Kingston Fury Renegade Pro, 16GB, 4800MHz, DDR5, ECC Reg CL36, PnP, para Servidor, Preto - KF548R36RB-16",991.99,https://www.kabum.com.br/produto/481322/memoria-ram-kingston-fury-renegade-pro-16gb-4800mhz-ddr5-ecc-reg-cl36-pnp-para-servidor-preto-kf548r36rb-16
2025-11-18 04:45:57.099656+00:00,memory,"Memória RAM Kingston Fury Renegade Pro, 16GB, 4800MHz, DDR5, ECC Reg CL36, PnP, para Servidor, Preto - KF548R36RB-16",991.99,https://www.kabum.com.br/produto/481322/memoria-ram-kingston-fury-renegade-pro-16gb-4800mhz-ddr5-ecc-reg-cl36-pnp-para-servidor-preto-kf548r36rb-16
2025-11-18 05:44:36.406690+00:00,memory,"Memória RAM Kingston Fury Renegade Pro, 16GB, 4800MHz, DDR5, ECC Reg CL36, PnP, para Servidor, Preto - KF548R36RB-16",991.99,https://www.kabum.com.br/produto/481322/memoria-ram-kingston-fury-renegade-pro-16gb-4800mhz-ddr5-ecc-reg-cl36-pnp-para-servidor-preto-kf548r36rb-16
2025-11-18 06:46:02.449439+00:00,memory,"Memória RAM Kingston Fury Renegade Pro, 16GB, 4800MHz, DDR5, ECC Reg CL36, PnP, para Servidor, Preto - KF548R36RB-16",991.99,https://www.kabum.com.br/produto/481322/memoria-ram-kingston-fury-renegade-pro-16gb-4800mhz-ddr5-ecc-reg-cl36-pnp-para-servidor-preto-kf548r36rb-16
2025-11-18 07:44:30.702677+00:00,memory,"Memória RAM Kingston Fury Renegade Pro, 16GB, 4800MHz, DDR5, ECC Reg CL36, PnP, para Servidor, Preto - KF548R36RB-16",991.99,https://www.kabum.com.br/produto/481322/memoria-ram-kingston-fury-renegade-pro-16gb-4800mhz-ddr5-ecc-reg-cl36-pnp-para-servidor-preto-kf548r36rb-16
2025-11-18 08:46:07.325256+00:00,memory,"Memória RAM Kingston Fury Renegade Pro, 16GB, 4800MHz, DDR5, ECC Reg CL36, PnP, para Servidor, Preto - KF548R36RB-16",991.99,https://www.kabum.com.br/produto/481322/memoria-ram-kingston-fury-renegade-pro-16gb-4800mhz-ddr5-ecc-reg-cl36-pnp-para-servidor-preto-kf548r36rb-16
2025-11-18 09:44:37.942962+00:00,memory,"Memória RAM Kingston Fury Renegade Pro, 16GB, 4800MHz, DDR5, ECC Reg CL36, PnP, para Servidor, Preto - KF548R36RB-16",991.99,https://www.kabum.com.br/produto/481322/memoria-ram-kingston-fury-renegade-pro-16gb-4800mhz-ddr5-ecc-reg-cl36-pnp-para-servidor-preto-kf548r36rb-16
2025-11-18 10:45:59.857761+00:00,memory,"Memória RAM Kingston Fury Renegade Pro, 16GB, 4800MHz, DDR5, ECC Reg CL36, PnP, para Servidor, Preto - KF548R36RB-16",991.99,https://www.kabum.com.br/produto/481322/memoria-ram-kingston-fury-renegade-pro-16gb-4800mhz-ddr5-ecc-reg-cl36-pnp-para-servidor-preto-kf548r36rb-16
2025-11-18 11:44:19.993265+00:00,memory,"Memória RAM Kingston Fury Renegade Pro, 16GB, 4800MHz, DDR5, ECC Reg CL36, PnP, para Servidor, Preto - KF548R36RB-16",991.99,https://www.kabum.com.br/produto/481322/memoria-ram-kingston-fury-renegade-pro-16gb-4800mhz-ddr5-ecc-reg-cl36-pnp-para-servidor-preto-kf548r36rb-16
2025-11-18 14:25:11.932651+00:00,memory,"Memória RAM Kingston Fury Renegade Pro, 16GB, 4800MHz, DDR5, ECC Reg CL36, PnP, para Servidor, Preto - KF548R36RB-16",991.99,https://www.kabum.com.br/produto/481322/memoria-ram-kingston-fury-renegade-pro-16gb-4800mhz-ddr5-ecc-reg-cl36-pnp-para-servidor-preto-kf548r36rb-16
2025-11-18 15:02:55.003757+00:00,memory,"Memória RAM Kingston Fury Renegade Pro, 16GB, 4800MHz, DDR5, ECC Reg CL36, PnP, para Servidor, Preto - KF548R36RB-16",991.99,https://www.kabum.com.br/produto/481322/memoria-ram-kingston-fury-renegade-pro-16gb-4800mhz-ddr5-ecc-reg-cl36-pnp-para-servidor-preto-kf548r36rb-16
2025-11-18 15:33:48.989370+00:00,memory,"Memória RAM Kingston Fury Renegade Pro, 16GB, 4800MHz, DDR5, ECC Reg CL36, PnP, para Servidor, Preto - KF548R36RB-16",991.99,https://www.kabum.com.br/produto/481322/memoria-ram-kingston-fury-renegade-pro-16gb-4800mhz-ddr5-ecc-reg-cl36-pnp-para-servidor-preto-kf548r36rb-16
2025-11-18 17:22:07.530081+00:00,memory,"Memória RAM Kingston Fury Renegade Pro, 16GB, 4800MHz, DDR5, ECC Reg CL36, PnP, para Servidor, Preto - KF548R36RB-16",991.99,https://www.kabum.com.br/produto/481322/memoria-ram-kingston-fury-renegade-pro-16gb-4800mhz-ddr5-ecc-reg-cl36-pnp-para-servidor-preto-kf548r36rb-16
2025-11-18 18:24:34.380850+00:00,memory,"Memória RAM Kingston Fury Renegade Pro, 16GB, 4800MHz, DDR5, ECC Reg CL36, PnP, para Servidor, Preto - KF548R36RB-16",991.99,https://www.kabum.com.br/produto/481322/memoria-ram-kingston-fury-renegade-pro-16gb-4800mhz-ddr5-ecc-reg-cl36-pnp-para-servidor-preto-kf548r36rb-16
2025-11-18 18:51:31.660521+00:00,memory,"Memória RAM Kingston Fury Renegade Pro, 16GB, 4800MHz, DDR5, ECC Reg CL36, PnP, para Servidor, Preto - KF548R36RB-16",991.99,https://www.kabum.com.br/produto/481322/memoria-ram-kingston-fury-renegade-pro-16gb-4800mhz-ddr5-ecc-reg-cl36-pnp-para-servidor-preto-kf548r36rb-16
2025-11-18 19:21:59.263807+00:00,memory,"Memória RAM Kingston Fury Renegade Pro, 16GB, 4800MHz, DDR5, ECC Reg CL36, PnP, para Servidor, Preto - KF548R36RB-16",991.99,https://www.kabum.com.br/produto/481322/memoria-ram-kingston-fury-renegade-pro-16gb-4800mhz-ddr5-ecc-reg-cl36-pnp-para-servidor-preto-kf548r36rb-16
2025-11-18 19:22:33.556689+00:00,memory,"Memória RAM Kingston Fury Renegade Pro, 16GB, 4800MHz, DDR5, ECC Reg CL36, PnP, para Servidor, Preto - KF548R36RB-16",991.99,https://www.kabum.com.br/produto/481322/memoria-ram-kingston-fury-renegade-pro-16gb-4800mhz-ddr5-ecc-reg-cl36-pnp-para-servidor-preto-kf548r36rb-16
2025-11-18 20:24:25.398151+00:00,memory,"Memória RAM Kingston Fury Renegade Pro, 16GB, 4800MHz, DDR5, ECC Reg CL36, PnP, para Servidor, Preto - KF548R36RB-16",991.99,https://www.kabum.com.br/produto/481322/memoria-ram-kingston-fury-renegade-pro-16gb-4800mhz-ddr5-ecc-reg-cl36-pnp-para-servidor-preto-kf548r36rb-16
2025-11-18 21:21:39.053593+00:00,memory,"Memória RAM Kingston Fury Renegade Pro, 16GB, 4800MHz, DDR5, ECC Reg CL36, PnP, para Servidor, Preto - KF548R36RB-16",991.99,https://www.kabum.com.br/produto/481322/memoria-ram-kingston-fury-renegade-pro-16gb-4800mhz-ddr5-ecc-reg-cl36-pnp-para-servidor-preto-kf548r36rb-16
2025-11-18 22:23:03.970476+00:00,memory,"Memória RAM Kingston Fury Renegade Pro, 16GB, 4800MHz, DDR5, ECC Reg CL36, PnP, para Servidor, Preto - KF548R36RB-16",1022.99,https://www.kabum.com.br/produto/481322/memoria-ram-kingston-fury-renegade-pro-16gb-4800mhz-ddr5-ecc-reg-cl36-pnp-para-servidor-preto-kf548r36rb-16
2025-11-19 01:09:02.026560+00:00,memory,"Memória RAM Kingston Fury Renegade Pro, 16GB, 4800MHz, DDR5, ECC Reg CL36, PnP, para Servidor, Preto - KF548R36RB-16",1022.99,https://www.kabum.com.br/produto/481322/memoria-ram-kingston-fury-renegade-pro-16gb-4800mhz-ddr5-ecc-reg-cl36-pnp-para-servidor-preto-kf548r36rb-16
2025-11-19 05:16:32.261102+00:00,memory,"Memória RAM Kingston Fury Renegade Pro, 16GB, 4800MHz, DDR5, ECC Reg CL36, PnP, para Servidor, Preto - KF548R36RB-16",1022.99,https://www.kabum.com.br/produto/481322/memoria-ram-kingston-fury-renegade-pro-16gb-4800mhz-ddr5-ecc-reg-cl36-pnp-para-servidor-preto-kf548r36rb-16
2025-11-19 06:01:53.734028+00:00,memory,"Memória RAM Kingston Fury Renegade Pro, 16GB, 4800MHz, DDR5, ECC Reg CL36, PnP, para Servidor, Preto - KF548R36RB-16",1022.99,https://www.kabum.com.br/produto/481322/memoria-ram-kingston-fury-renegade-pro-16gb-4800mhz-ddr5-ecc-reg-cl36-pnp-para-servidor-preto-kf548r36rb-16
2025-11-19 07:16:21.862129+00:00,memory,"Memória RAM Kingston Fury Renegade Pro, 16GB, 4800MHz, DDR5, ECC Reg CL36, PnP, para Servidor, Preto - KF548R36RB-16",1022.99,https://www.kabum.com.br/produto/481322/memoria-ram-kingston-fury-renegade-pro-16gb-4800mhz-ddr5-ecc-reg-cl36-pnp-para-servidor-preto-kf548r36rb-16
2025-11-19 08:01:55.666372+00:00,memory,"Memória RAM Kingston Fury Renegade Pro, 16GB, 4800MHz, DDR5, ECC Reg CL36, PnP, para Servidor, Preto - KF548R36RB-16",1022.99,https://www.kabum.com.br/produto/481322/memoria-ram-kingston-fury-renegade-pro-16gb-4800mhz-ddr5-ecc-reg-cl36-pnp-para-servidor-preto-kf548r36rb-16
2025-11-19 09:16:22.924385+00:00,memory,"Memória RAM Kingston Fury Renegade Pro, 16GB, 4800MHz, DDR5, ECC Reg CL36, PnP, para Servidor, Preto - KF548R36RB-16",1022.99,https://www.kabum.com.br/produto/481322/memoria-ram-kingston-fury-renegade-pro-16gb-4800mhz-ddr5-ecc-reg-cl36-pnp-para-servidor-preto-kf548r36rb-16
2025-11-19 10:01:48.353078+00:00,memory,"Memória RAM Kingston Fury Renegade Pro, 16GB, 4800MHz, DDR5, ECC Reg CL36, PnP, para Servidor, Preto - KF548R36RB-16",1022.99,https://www.kabum.com.br/produto/481322/memoria-ram-kingston-fury-renegade-pro-16gb-4800mhz-ddr5-ecc-reg-cl36-pnp-para-servidor-preto-kf548r36rb-16
2025-11-19 11:16:23.554946+00:00,memory,"Memória RAM Kingston Fury Renegade Pro, 16GB, 4800MHz, DDR5, ECC Reg CL36, PnP, para Servidor, Preto - KF548R36RB-16",1022.99,https://www.kabum.com.br/produto/481322/memoria-ram-kingston-fury-renegade-pro-16gb-4800mhz-ddr5-ecc-reg-cl36-pnp-para-servidor-preto-kf548r36rb-16
2025-11-19 12:01:59.627034+00:00,memory,"Memória RAM Kingston Fury Renegade Pro, 16GB, 4800MHz, DDR5, ECC Reg CL36, PnP, para Servidor, Preto - KF548R36RB-16",1022.99,https://www.kabum.com.br/produto/481322/memoria-ram-kingston-fury-renegade-pro-16gb-4800mhz-ddr5-ecc-reg-cl36-pnp-para-servidor-preto-kf548r36rb-16
2025-11-19 14:28:37.046552+00:00,memory,"Memória RAM Kingston Fury Renegade Pro, 16GB, 4800MHz, DDR5, ECC Reg CL36, PnP, para Servidor, Preto - KF548R36RB-16",1022.99,https://www.kabum.com.br/produto/481322/memoria-ram-kingston-fury-renegade-pro-16gb-4800mhz-ddr5-ecc-reg-cl36-pnp-para-servidor-preto-kf548r36rb-16
2025-11-19 15:26:55.105460+00:00,memory,"Memória RAM Kingston Fury Renegade Pro, 16GB, 4800MHz, DDR5, ECC Reg CL36, PnP, para Servidor, Preto - KF548R36RB-16",1022.99,https://www.kabum.com.br/produto/481322/memoria-ram-kingston-fury-renegade-pro-16gb-4800mhz-ddr5-ecc-reg-cl36-pnp-para-servidor-preto-kf548r36rb-16
2025-11-19 16:53:37.209991+00:00,memory,"Memória RAM Kingston Fury Renegade Pro, 16GB, 4800MHz, DDR5, ECC Reg CL36, PnP, para Servidor, Preto - KF548R36RB-16",1022.99,https://www.kabum.com.br/produto/481322/memoria-ram-kingston-fury-renegade-pro-16gb-4800mhz-ddr5-ecc-reg-cl36-pnp-para-servidor-preto-kf548r36rb-16
2025-11-19 17:39:00.736367+00:00,memory,"Memória RAM Kingston Fury Renegade Pro, 16GB, 4800MHz, DDR5, ECC Reg CL36, PnP, para Servidor, Preto - KF548R36RB-16",1022.99,https://www.kabum.com.br/produto/481322/memoria-ram-kingston-fury-renegade-pro-16gb-4800mhz-ddr5-ecc-reg-cl36-pnp-para-servidor-preto-kf548r36rb-16
2025-11-19 18:53:53.228491+00:00,memory,"Memória RAM Kingston Fury Renegade Pro, 16GB, 4800MHz, DDR5, ECC Reg CL36, PnP, para Servidor, Preto - KF548R36RB-16",1022.99,https://www.kabum.com.br/produto/481322/memoria-ram-kingston-fury-renegade-pro-16gb-4800mhz-ddr5-ecc-reg-cl36-pnp-para-servidor-preto-kf548r36rb-16
2025-11-19 20:14:27.151184+00:00,memory,"Memória RAM Kingston Fury Renegade Pro, 16GB, 4800MHz, DDR5, ECC Reg CL36, PnP, para Servidor, Preto - KF548R36RB-16",1022.99,https://www.kabum.com.br/produto/481322/memoria-ram-kingston-fury-renegade-pro-16gb-4800mhz-ddr5-ecc-reg-cl36-pnp-para-servidor-preto-kf548r36rb-16
2025-11-19 20:59:45.605051+00:00,memory,"Memória RAM Kingston Fury Renegade Pro, 16GB, 4800MHz, DDR5, ECC Reg CL36, PnP, para Servidor, Preto - KF548R36RB-16",1022.99,https://www.kabum.com.br/produto/481322/memoria-ram-kingston-fury-renegade-pro-16gb-4800mhz-ddr5-ecc-reg-cl36-pnp-para-servidor-preto-kf548r36rb-16
2025-11-19 22:14:33.222551+00:00,memory,"Memória RAM Kingston Fury Renegade Pro, 16GB, 4800MHz, DDR5, ECC Reg CL36, PnP, para Servidor, Preto - KF548R36RB-16",1022.99,https://www.kabum.com.br/produto/481322/memoria-ram-kingston-fury-renegade-pro-16gb-4800mhz-ddr5-ecc-reg-cl36-pnp-para-servidor-preto-kf548r36rb-16
2025-11-19 22:59:44.144872+00:00,memory,"Memória RAM Kingston Fury Renegade Pro, 16GB, 4800MHz, DDR5, ECC Reg CL36, PnP, para Servidor, Preto - KF548R36RB-16",1022.99,https://www.kabum.com.br/produto/481322/memoria-ram-kingston-fury-renegade-pro-16gb-4800mhz-ddr5-ecc-reg-cl36-pnp-para-servidor-preto-kf548r36rb-16
2025-11-20 02:29:21.644332+00:00,memory,"Memória RAM Kingston Fury Renegade Pro, 16GB, 4800MHz, DDR5, ECC Reg CL36, PnP, para Servidor, Preto - KF548R36RB-16",1022.99,https://www.kabum.com.br/produto/481322/memoria-ram-kingston-fury-renegade-pro-16gb-4800mhz-ddr5-ecc-reg-cl36-pnp-para-servidor-preto-kf548r36rb-16
2025-11-20 03:30:48.439011+00:00,memory,"Memória RAM Kingston Fury Renegade Pro, 16GB, 4800MHz, DDR5, ECC Reg CL36, PnP, para Servidor, Preto - KF548R36RB-16",1022.99,https://www.kabum.com.br/produto/481322/memoria-ram-kingston-fury-renegade-pro-16gb-4800mhz-ddr5-ecc-reg-cl36-pnp-para-servidor-preto-kf548r36rb-16
2025-11-20 04:29:09.349761+00:00,memory,"Memória RAM Kingston Fury Renegade Pro, 16GB, 4800MHz, DDR5, ECC Reg CL36, PnP, para Servidor, Preto - KF548R36RB-16",1022.99,https://www.kabum.com.br/produto/481322/memoria-ram-kingston-fury-renegade-pro-16gb-4800mhz-ddr5-ecc-reg-cl36-pnp-para-servidor-preto-kf548r36rb-16
2025-11-20 05:30:52.866539+00:00,memory,"Memória RAM Kingston Fury Renegade Pro, 16GB, 4800MHz, DDR5, ECC Reg CL36, PnP, para Servidor, Preto - KF548R36RB-16",1022.99,https://www.kabum.com.br/produto/481322/memoria-ram-kingston-fury-renegade-pro-16gb-4800mhz-ddr5-ecc-reg-cl36-pnp-para-servidor-preto-kf548r36rb-16
2025-11-20 06:29:15.112413+00:00,memory,"Memória RAM Kingston Fury Renegade Pro, 16GB, 4800MHz, DDR5, ECC Reg CL36, PnP, para Servidor, Preto - KF548R36RB-16",1022.99,https://www.kabum.com.br/produto/481322/memoria-ram-kingston-fury-renegade-pro-16gb-4800mhz-ddr5-ecc-reg-cl36-pnp-para-servidor-preto-kf548r36rb-16
2025-11-20 07:30:52.074131+00:00,memory,"Memória RAM Kingston Fury Renegade Pro, 16GB, 4800MHz, DDR5, ECC Reg CL36, PnP, para Servidor, Preto - KF548R36RB-16",1022.99,https://www.kabum.com.br/produto/481322/memoria-ram-kingston-fury-renegade-pro-16gb-4800mhz-ddr5-ecc-reg-cl36-pnp-para-servidor-preto-kf548r36rb-16
2025-11-20 08:29:15.926025+00:00,memory,"Memória RAM Kingston Fury Renegade Pro, 16GB, 4800MHz, DDR5, ECC Reg CL36, PnP, para Servidor, Preto - KF548R36RB-16",1022.99,https://www.kabum.com.br/produto/481322/memoria-ram-kingston-fury-renegade-pro-16gb-4800mhz-ddr5-ecc-reg-cl36-pnp-para-servidor-preto-kf548r36rb-16
2025-11-20 09:30:54.217121+00:00,memory,"Memória RAM Kingston Fury Renegade Pro, 16GB, 4800MHz, DDR5, ECC Reg CL36, PnP, para Servidor, Preto - KF548R36RB-16",1022.99,https://www.kabum.com.br/produto/481322/memoria-ram-kingston-fury-renegade-pro-16gb-4800mhz-ddr5-ecc-reg-cl36-pnp-para-servidor-preto-kf548r36rb-16
2025-11-20 10:29:08.025575+00:00,memory,"Memória RAM Kingston Fury Renegade Pro, 16GB, 4800MHz, DDR5, ECC Reg CL36, PnP, para Servidor, Preto - KF548R36RB-16",1022.99,https://www.kabum.com.br/produto/481322/memoria-ram-kingston-fury-renegade-pro-16gb-4800mhz-ddr5-ecc-reg-cl36-pnp-para-servidor-preto-kf548r36rb-16
2025-11-20 11:30:52.253784+00:00,memory,"Memória RAM Kingston Fury Renegade Pro, 16GB, 4800MHz, DDR5, ECC Reg CL36, PnP, para Servidor, Preto - KF548R36RB-16",1022.99,https://www.kabum.com.br/produto/481322/memoria-ram-kingston-fury-renegade-pro-16gb-4800mhz-ddr5-ecc-reg-cl36-pnp-para-servidor-preto-kf548r36rb-16
2025-11-20 12:29:12.562986+00:00,memory,"Memória RAM Kingston Fury Renegade Pro, 16GB, 4800MHz, DDR5, ECC Reg CL36, PnP, para Servidor, Preto - KF548R36RB-16",1022.99,https://www.kabum.com.br/produto/481322/memoria-ram-kingston-fury-renegade-pro-16gb-4800mhz-ddr5-ecc-reg-cl36-pnp-para-servidor-preto-kf548r36rb-16
2025-11-20 13:31:09.572120+00:00,memory,"Memória RAM Kingston Fury Renegade Pro, 16GB, 4800MHz, DDR5, ECC Reg CL36, PnP, para Servidor, Preto - KF548R36RB-16",1022.99,https://www.kabum.com.br/produto/481322/memoria-ram-kingston-fury-renegade-pro-16gb-4800mhz-ddr5-ecc-reg-cl36-pnp-para-servidor-preto-kf548r36rb-16
2025-11-20 14:29:20.364710+00:00,memory,"Memória RAM Kingston Fury Renegade Pro, 16GB, 4800MHz, DDR5, ECC Reg CL36, PnP, para Servidor, Preto - KF548R36RB-16",1022.99,https://www.kabum.com.br/produto/481322/memoria-ram-kingston-fury-renegade-pro-16gb-4800mhz-ddr5-ecc-reg-cl36-pnp-para-servidor-preto-kf548r36rb-16
2025-11-20 15:30:50.299212+00:00,memory,"Memória RAM Kingston Fury Renegade Pro, 16GB, 4800MHz, DDR5, ECC Reg CL36, PnP, para Servidor, Preto - KF548R36RB-16",1022.99,https://www.kabum.com.br/produto/481322/memoria-ram-kingston-fury-renegade-pro-16gb-4800mhz-ddr5-ecc-reg-cl36-pnp-para-servidor-preto-kf548r36rb-16
2025-11-20 16:29:12.950384+00:00,memory,"Memória RAM Kingston Fury Renegade Pro, 16GB, 4800MHz, DDR5, ECC Reg CL36, PnP, para Servidor, Preto - KF548R36RB-16",1022.99,https://www.kabum.com.br/produto/481322/memoria-ram-kingston-fury-renegade-pro-16gb-4800mhz-ddr5-ecc-reg-cl36-pnp-para-servidor-preto-kf548r36rb-16
2025-11-20 17:30:45.767492+00:00,memory,"Memória RAM Kingston Fury Renegade Pro, 16GB, 4800MHz, DDR5, ECC Reg CL36, PnP, para Servidor, Preto - KF548R36RB-16",1022.99,https://www.kabum.com.br/produto/481322/memoria-ram-kingston-fury-renegade-pro-16gb-4800mhz-ddr5-ecc-reg-cl36-pnp-para-servidor-preto-kf548r36rb-16
2025-11-20 18:29:11.367831+00:00,memory,"Memória RAM Kingston Fury Renegade Pro, 16GB, 4800MHz, DDR5, ECC Reg CL36, PnP, para Servidor, Preto - KF548R36RB-16",1022.99,https://www.kabum.com.br/produto/481322/memoria-ram-kingston-fury-renegade-pro-16gb-4800mhz-ddr5-ecc-reg-cl36-pnp-para-servidor-preto-kf548r36rb-16
2025-11-20 21:25:59.621565+00:00,memory,"Memória RAM Kingston Fury Renegade Pro, 16GB, 4800MHz, DDR5, ECC Reg CL36, PnP, para Servidor, Preto - KF548R36RB-16",1022.99,https://www.kabum.com.br/produto/481322/memoria-ram-kingston-fury-renegade-pro-16gb-4800mhz-ddr5-ecc-reg-cl36-pnp-para-servidor-preto-kf548r36rb-16
2025-11-20 22:24:21.350625+00:00,memory,"Memória RAM Kingston Fury Renegade Pro, 16GB, 4800MHz, DDR5, ECC Reg CL36, PnP, para Servidor, Preto - KF548R36RB-16",1022.99,https://www.kabum.com.br/produto/481322/memoria-ram-kingston-fury-renegade-pro-16gb-4800mhz-ddr5-ecc-reg-cl36-pnp-para-servidor-preto-kf548r36rb-16
2025-11-20 23:26:02.572142+00:00,memory,"Memória RAM Kingston Fury Renegade Pro, 16GB, 4800MHz, DDR5, ECC Reg CL36, PnP, para Servidor, Preto - KF548R36RB-16",1022.99,https://www.kabum.com.br/produto/481322/memoria-ram-kingston-fury-renegade-pro-16gb-4800mhz-ddr5-ecc-reg-cl36-pnp-para-servidor-preto-kf548r36rb-16
2025-11-21 00:24:24.981733+00:00,memory,"Memória RAM Kingston Fury Renegade Pro, 16GB, 4800MHz, DDR5, ECC Reg CL36, PnP, para Servidor, Preto - KF548R36RB-16",1022.99,https://www.kabum.com.br/produto/481322/memoria-ram-kingston-fury-renegade-pro-16gb-4800mhz-ddr5-ecc-reg-cl36-pnp-para-servidor-preto-kf548r36rb-16
2025-11-21 01:25:59.274366+00:00,memory,"Memória RAM Kingston Fury Renegade Pro, 16GB, 4800MHz, DDR5, ECC Reg CL36, PnP, para Servidor, Preto - KF548R36RB-16",1022.99,https://www.kabum.com.br/produto/481322/memoria-ram-kingston-fury-renegade-pro-16gb-4800mhz-ddr5-ecc-reg-cl36-pnp-para-servidor-preto-kf548r36rb-16
2025-11-21 02:24:26.802388+00:00,memory,"Memória RAM Kingston Fury Renegade Pro, 16GB, 4800MHz, DDR5, ECC Reg CL36, PnP, para Servidor, Preto - KF548R36RB-16",1022.99,https://www.kabum.com.br/produto/481322/memoria-ram-kingston-fury-renegade-pro-16gb-4800mhz-ddr5-ecc-reg-cl36-pnp-para-servidor-preto-kf548r36rb-16
2025-11-21 03:26:01.120002+00:00,memory,"Memória RAM Kingston Fury Renegade Pro, 16GB, 4800MHz, DDR5, ECC Reg CL36, PnP, para Servidor, Preto - KF548R36RB-16",1022.99,https://www.kabum.com.br/produto/481322/memoria-ram-kingston-fury-renegade-pro-16gb-4800mhz-ddr5-ecc-reg-cl36-pnp-para-servidor-preto-kf548r36rb-16
2025-11-21 04:24:19.782030+00:00,memory,"Memória RAM Kingston Fury Renegade Pro, 16GB, 4800MHz, DDR5, ECC Reg CL36, PnP, para Servidor, Preto - KF548R36RB-16",1022.99,https://www.kabum.com.br/produto/481322/memoria-ram-kingston-fury-renegade-pro-16gb-4800mhz-ddr5-ecc-reg-cl36-pnp-para-servidor-preto-kf548r36rb-16
2025-11-21 05:25:59.410502+00:00,memory,"Memória RAM Kingston Fury Renegade Pro, 16GB, 4800MHz, DDR5, ECC Reg CL36, PnP, para Servidor, Preto - KF548R36RB-16",1022.99,https://www.kabum.com.br/produto/481322/memoria-ram-kingston-fury-renegade-pro-16gb-4800mhz-ddr5-ecc-reg-cl36-pnp-para-servidor-preto-kf548r36rb-16
2025-11-21 06:24:24.925859+00:00,memory,"Memória RAM Kingston Fury Renegade Pro, 16GB, 4800MHz, DDR5, ECC Reg CL36, PnP, para Servidor, Preto - KF548R36RB-16",1022.99,https://www.kabum.com.br/produto/481322/memoria-ram-kingston-fury-renegade-pro-16gb-4800mhz-ddr5-ecc-reg-cl36-pnp-para-servidor-preto-kf548r36rb-16
2025-11-21 07:26:00.348732+00:00,memory,"Memória RAM Kingston Fury Renegade Pro, 16GB, 4800MHz, DDR5, ECC Reg CL36, PnP, para Servidor, Preto - KF548R36RB-16",1022.99,https://www.kabum.com.br/produto/481322/memoria-ram-kingston-fury-renegade-pro-16gb-4800mhz-ddr5-ecc-reg-cl36-pnp-para-servidor-preto-kf548r36rb-16
2025-11-21 08:24:25.174314+00:00,memory,"Memória RAM Kingston Fury Renegade Pro, 16GB, 4800MHz, DDR5, ECC Reg CL36, PnP, para Servidor, Preto - KF548R36RB-16",1022.99,https://www.kabum.com.br/produto/481322/memoria-ram-kingston-fury-renegade-pro-16gb-4800mhz-ddr5-ecc-reg-cl36-pnp-para-servidor-preto-kf548r36rb-16
2025-11-21 09:25:57.178832+00:00,memory,"Memória RAM Kingston Fury Renegade Pro, 16GB, 4800MHz, DDR5, ECC Reg CL36, PnP, para Servidor, Preto - KF548R36RB-16",1022.99,https://www.kabum.com.br/produto/481322/memoria-ram-kingston-fury-renegade-pro-16gb-4800mhz-ddr5-ecc-reg-cl36-pnp-para-servidor-preto-kf548r36rb-16
2025-11-21 10:24:24.815278+00:00,memory,"Memória RAM Kingston Fury Renegade Pro, 16GB, 4800MHz, DDR5, ECC Reg CL36, PnP, para Servidor, Preto - KF548R36RB-16",1022.99,https://www.kabum.com.br/produto/481322/memoria-ram-kingston-fury-renegade-pro-16gb-4800mhz-ddr5-ecc-reg-cl36-pnp-para-servidor-preto-kf548r36rb-16
2025-11-21 11:27:05.351233+00:00,memory,"Memória RAM Kingston Fury Renegade Pro, 16GB, 4800MHz, DDR5, ECC Reg CL36, PnP, para Servidor, Preto - KF548R36RB-16",1022.99,https://www.kabum.com.br/produto/481322/memoria-ram-kingston-fury-renegade-pro-16gb-4800mhz-ddr5-ecc-reg-cl36-pnp-para-servidor-preto-kf548r36rb-16
2025-11-21 12:24:29.096126+00:00,memory,"Memória RAM Kingston Fury Renegade Pro, 16GB, 4800MHz, DDR5, ECC Reg CL36, PnP, para Servidor, Preto - KF548R36RB-16",1022.99,https://www.kabum.com.br/produto/481322/memoria-ram-kingston-fury-renegade-pro-16gb-4800mhz-ddr5-ecc-reg-cl36-pnp-para-servidor-preto-kf548r36rb-16
2025-11-21 13:26:02.534758+00:00,memory,"Memória RAM Kingston Fury Renegade Pro, 16GB, 4800MHz, DDR5, ECC Reg CL36, PnP, para Servidor, Preto - KF548R36RB-16",971.99,https://www.kabum.com.br/produto/481322/memoria-ram-kingston-fury-renegade-pro-16gb-4800mhz-ddr5-ecc-reg-cl36-pnp-para-servidor-preto-kf548r36rb-16
2025-11-21 14:24:21.610470+00:00,memory,"Memória RAM Kingston Fury Renegade Pro, 16GB, 4800MHz, DDR5, ECC Reg CL36, PnP, para Servidor, Preto - KF548R36RB-16",971.99,https://www.kabum.com.br/produto/481322/memoria-ram-kingston-fury-renegade-pro-16gb-4800mhz-ddr5-ecc-reg-cl36-pnp-para-servidor-preto-kf548r36rb-16
2025-11-21 15:25:59.152186+00:00,memory,"Memória RAM Kingston Fury Renegade Pro, 16GB, 4800MHz, DDR5, ECC Reg CL36, PnP, para Servidor, Preto - KF548R36RB-16",971.99,https://www.kabum.com.br/produto/481322/memoria-ram-kingston-fury-renegade-pro-16gb-4800mhz-ddr5-ecc-reg-cl36-pnp-para-servidor-preto-kf548r36rb-16
2025-11-21 16:24:24.080913+00:00,memory,"Memória RAM Kingston Fury Renegade Pro, 16GB, 4800MHz, DDR5, ECC Reg CL36, PnP, para Servidor, Preto - KF548R36RB-16",971.99,https://www.kabum.com.br/produto/481322/memoria-ram-kingston-fury-renegade-pro-16gb-4800mhz-ddr5-ecc-reg-cl36-pnp-para-servidor-preto-kf548r36rb-16
2025-11-21 17:26:07.350687+00:00,memory,"Memória RAM Kingston Fury Renegade Pro, 16GB, 4800MHz, DDR5, ECC Reg CL36, PnP, para Servidor, Preto - KF548R36RB-16",971.99,https://www.kabum.com.br/produto/481322/memoria-ram-kingston-fury-renegade-pro-16gb-4800mhz-ddr5-ecc-reg-cl36-pnp-para-servidor-preto-kf548r36rb-16
2025-11-21 18:24:27.190492+00:00,memory,"Memória RAM Kingston Fury Renegade Pro, 16GB, 4800MHz, DDR5, ECC Reg CL36, PnP, para Servidor, Preto - KF548R36RB-16",971.99,https://www.kabum.com.br/produto/481322/memoria-ram-kingston-fury-renegade-pro-16gb-4800mhz-ddr5-ecc-reg-cl36-pnp-para-servidor-preto-kf548r36rb-16
2025-11-22 21:06:58.166847+00:00,memory,"Memória RAM Kingston Fury Renegade Pro, 16GB, 4800MHz, DDR5, ECC Reg CL36, PnP, para Servidor, Preto - KF548R36RB-16",971.99,https://www.kabum.com.br/produto/481322/memoria-ram-kingston-fury-renegade-pro-16gb-4800mhz-ddr5-ecc-reg-cl36-pnp-para-servidor-preto-kf548r36rb-16
2025-11-22 22:05:19.367977+00:00,memory,"Memória RAM Kingston Fury Renegade Pro, 16GB, 4800MHz, DDR5, ECC Reg CL36, PnP, para Servidor, Preto - KF548R36RB-16",971.99,https://www.kabum.com.br/produto/481322/memoria-ram-kingston-fury-renegade-pro-16gb-4800mhz-ddr5-ecc-reg-cl36-pnp-para-servidor-preto-kf548r36rb-16
2025-11-22 23:06:54.897261+00:00,memory,"Memória RAM Kingston Fury Renegade Pro, 16GB, 4800MHz, DDR5, ECC Reg CL36, PnP, para Servidor, Preto - KF548R36RB-16",971.99,https://www.kabum.com.br/produto/481322/memoria-ram-kingston-fury-renegade-pro-16gb-4800mhz-ddr5-ecc-reg-cl36-pnp-para-servidor-preto-kf548r36rb-16
2025-11-23 00:05:28.158663+00:00,memory,"Memória RAM Kingston Fury Renegade Pro, 16GB, 4800MHz, DDR5, ECC Reg CL36, PnP, para Servidor, Preto - KF548R36RB-16",971.99,https://www.kabum.com.br/produto/481322/memoria-ram-kingston-fury-renegade-pro-16gb-4800mhz-ddr5-ecc-reg-cl36-pnp-para-servidor-preto-kf548r36rb-16
2025-11-23 01:06:55.951274+00:00,memory,"Memória RAM Kingston Fury Renegade Pro, 16GB, 4800MHz, DDR5, ECC Reg CL36, PnP, para Servidor, Preto - KF548R36RB-16",971.99,https://www.kabum.com.br/produto/481322/memoria-ram-kingston-fury-renegade-pro-16gb-4800mhz-ddr5-ecc-reg-cl36-pnp-para-servidor-preto-kf548r36rb-16
2025-11-23 02:05:16.627572+00:00,memory,"Memória RAM Kingston Fury Renegade Pro, 16GB, 4800MHz, DDR5, ECC Reg CL36, PnP, para Servidor, Preto - KF548R36RB-16",971.99,https://www.kabum.com.br/produto/481322/memoria-ram-kingston-fury-renegade-pro-16gb-4800mhz-ddr5-ecc-reg-cl36-pnp-para-servidor-preto-kf548r36rb-16
2025-11-23 03:06:51.692209+00:00,memory,"Memória RAM Kingston Fury Renegade Pro, 16GB, 4800MHz, DDR5, ECC Reg CL36, PnP, para Servidor, Preto - KF548R36RB-16",971.99,https://www.kabum.com.br/produto/481322/memoria-ram-kingston-fury-renegade-pro-16gb-4800mhz-ddr5-ecc-reg-cl36-pnp-para-servidor-preto-kf548r36rb-16
2025-11-23 04:05:12.310946+00:00,memory,"Memória RAM Kingston Fury Renegade Pro, 16GB, 4800MHz, DDR5, ECC Reg CL36, PnP, para Servidor, Preto - KF548R36RB-16",971.99,https://www.kabum.com.br/produto/481322/memoria-ram-kingston-fury-renegade-pro-16gb-4800mhz-ddr5-ecc-reg-cl36-pnp-para-servidor-preto-kf548r36rb-16
2025-11-23 05:06:53.012675+00:00,memory,"Memória RAM Kingston Fury Renegade Pro, 16GB, 4800MHz, DDR5, ECC Reg CL36, PnP, para Servidor, Preto - KF548R36RB-16",971.99,https://www.kabum.com.br/produto/481322/memoria-ram-kingston-fury-renegade-pro-16gb-4800mhz-ddr5-ecc-reg-cl36-pnp-para-servidor-preto-kf548r36rb-16
2025-11-23 06:05:19.672244+00:00,memory,"Memória RAM Kingston Fury Renegade Pro, 16GB, 4800MHz, DDR5, ECC Reg CL36, PnP, para Servidor, Preto - KF548R36RB-16",971.99,https://www.kabum.com.br/produto/481322/memoria-ram-kingston-fury-renegade-pro-16gb-4800mhz-ddr5-ecc-reg-cl36-pnp-para-servidor-preto-kf548r36rb-16
2025-11-23 07:06:51.139061+00:00,memory,"Memória RAM Kingston Fury Renegade Pro, 16GB, 4800MHz, DDR5, ECC Reg CL36, PnP, para Servidor, Preto - KF548R36RB-16",971.99,https://www.kabum.com.br/produto/481322/memoria-ram-kingston-fury-renegade-pro-16gb-4800mhz-ddr5-ecc-reg-cl36-pnp-para-servidor-preto-kf548r36rb-16
2025-11-23 08:05:18.263737+00:00,memory,"Memória RAM Kingston Fury Renegade Pro, 16GB, 4800MHz, DDR5, ECC Reg CL36, PnP, para Servidor, Preto - KF548R36RB-16",971.99,https://www.kabum.com.br/produto/481322/memoria-ram-kingston-fury-renegade-pro-16gb-4800mhz-ddr5-ecc-reg-cl36-pnp-para-servidor-preto-kf548r36rb-16
2025-11-23 09:06:52.510996+00:00,memory,"Memória RAM Kingston Fury Renegade Pro, 16GB, 4800MHz, DDR5, ECC Reg CL36, PnP, para Servidor, Preto - KF548R36RB-16",971.99,https://www.kabum.com.br/produto/481322/memoria-ram-kingston-fury-renegade-pro-16gb-4800mhz-ddr5-ecc-reg-cl36-pnp-para-servidor-preto-kf548r36rb-16
2025-11-23 10:05:20.407175+00:00,memory,"Memória RAM Kingston Fury Renegade Pro, 16GB, 4800MHz, DDR5, ECC Reg CL36, PnP, para Servidor, Preto - KF548R36RB-16",971.99,https://www.kabum.com.br/produto/481322/memoria-ram-kingston-fury-renegade-pro-16gb-4800mhz-ddr5-ecc-reg-cl36-pnp-para-servidor-preto-kf548r36rb-16
2025-11-23 11:06:59.985114+00:00,memory,"Memória RAM Kingston Fury Renegade Pro, 16GB, 4800MHz, DDR5, ECC Reg CL36, PnP, para Servidor, Preto - KF548R36RB-16",971.99,https://www.kabum.com.br/produto/481322/memoria-ram-kingston-fury-renegade-pro-16gb-4800mhz-ddr5-ecc-reg-cl36-pnp-para-servidor-preto-kf548r36rb-16
2025-11-23 12:05:12.021411+00:00,memory,"Memória RAM Kingston Fury Renegade Pro, 16GB, 4800MHz, DDR5, ECC Reg CL36, PnP, para Servidor, Preto - KF548R36RB-16",971.99,https://www.kabum.com.br/produto/481322/memoria-ram-kingston-fury-renegade-pro-16gb-4800mhz-ddr5-ecc-reg-cl36-pnp-para-servidor-preto-kf548r36rb-16
2025-11-23 13:06:54.632898+00:00,memory,"Memória RAM Kingston Fury Renegade Pro, 16GB, 4800MHz, DDR5, ECC Reg CL36, PnP, para Servidor, Preto - KF548R36RB-16",971.99,https://www.kabum.com.br/produto/481322/memoria-ram-kingston-fury-renegade-pro-16gb-4800mhz-ddr5-ecc-reg-cl36-pnp-para-servidor-preto-kf548r36rb-16
2025-11-23 14:05:16.067444+00:00,memory,"Memória RAM Kingston Fury Renegade Pro, 16GB, 4800MHz, DDR5, ECC Reg CL36, PnP, para Servidor, Preto - KF548R36RB-16",971.99,https://www.kabum.com.br/produto/481322/memoria-ram-kingston-fury-renegade-pro-16gb-4800mhz-ddr5-ecc-reg-cl36-pnp-para-servidor-preto-kf548r36rb-16
2025-11-23 15:06:50.920064+00:00,memory,"Memória RAM Kingston Fury Renegade Pro, 16GB, 4800MHz, DDR5, ECC Reg CL36, PnP, para Servidor, Preto - KF548R36RB-16",971.99,https://www.kabum.com.br/produto/481322/memoria-ram-kingston-fury-renegade-pro-16gb-4800mhz-ddr5-ecc-reg-cl36-pnp-para-servidor-preto-kf548r36rb-16
2025-11-23 16:05:12.849782+00:00,memory,"Memória RAM Kingston Fury Renegade Pro, 16GB, 4800MHz, DDR5, ECC Reg CL36, PnP, para Servidor, Preto - KF548R36RB-16",971.99,https://www.kabum.com.br/produto/481322/memoria-ram-kingston-fury-renegade-pro-16gb-4800mhz-ddr5-ecc-reg-cl36-pnp-para-servidor-preto-kf548r36rb-16
2025-11-23 17:06:53.050400+00:00,memory,"Memória RAM Kingston Fury Renegade Pro, 16GB, 4800MHz, DDR5, ECC Reg CL36, PnP, para Servidor, Preto - KF548R36RB-16",971.99,https://www.kabum.com.br/produto/481322/memoria-ram-kingston-fury-renegade-pro-16gb-4800mhz-ddr5-ecc-reg-cl36-pnp-para-servidor-preto-kf548r36rb-16
2025-11-23 18:05:17.656975+00:00,memory,"Memória RAM Kingston Fury Renegade Pro, 16GB, 4800MHz, DDR5, ECC Reg CL36, PnP, para Servidor, Preto - KF548R36RB-16",971.99,https://www.kabum.com.br/produto/481322/memoria-ram-kingston-fury-renegade-pro-16gb-4800mhz-ddr5-ecc-reg-cl36-pnp-para-servidor-preto-kf548r36rb-16
2025-11-23 19:06:49.519922+00:00,memory,"Memória RAM Kingston Fury Renegade Pro, 16GB, 4800MHz, DDR5, ECC Reg CL36, PnP, para Servidor, Preto - KF548R36RB-16",971.99,https://www.kabum.com.br/produto/481322/memoria-ram-kingston-fury-renegade-pro-16gb-4800mhz-ddr5-ecc-reg-cl36-pnp-para-servidor-preto-kf548r36rb-16
2025-11-23 20:05:35.756949+00:00,memory,"Memória RAM Kingston Fury Renegade Pro, 16GB, 4800MHz, DDR5, ECC Reg CL36, PnP, para Servidor, Preto - KF548R36RB-16",971.99,https://www.kabum.com.br/produto/481322/memoria-ram-kingston-fury-renegade-pro-16gb-4800mhz-ddr5-ecc-reg-cl36-pnp-para-servidor-preto-kf548r36rb-16
2025-11-23 21:06:52.920555+00:00,memory,"Memória RAM Kingston Fury Renegade Pro, 16GB, 4800MHz, DDR5, ECC Reg CL36, PnP, para Servidor, Preto - KF548R36RB-16",971.99,https://www.kabum.com.br/produto/481322/memoria-ram-kingston-fury-renegade-pro-16gb-4800mhz-ddr5-ecc-reg-cl36-pnp-para-servidor-preto-kf548r36rb-16
2025-11-23 22:05:23.269158+00:00,memory,"Memória RAM Kingston Fury Renegade Pro, 16GB, 4800MHz, DDR5, ECC Reg CL36, PnP, para Servidor, Preto - KF548R36RB-16",971.99,https://www.kabum.com.br/produto/481322/memoria-ram-kingston-fury-renegade-pro-16gb-4800mhz-ddr5-ecc-reg-cl36-pnp-para-servidor-preto-kf548r36rb-16
2025-11-23 23:08:02.489660+00:00,memory,"Memória RAM Kingston Fury Renegade Pro, 16GB, 4800MHz, DDR5, ECC Reg CL36, PnP, para Servidor, Preto - KF548R36RB-16",971.99,https://www.kabum.com.br/produto/481322/memoria-ram-kingston-fury-renegade-pro-16gb-4800mhz-ddr5-ecc-reg-cl36-pnp-para-servidor-preto-kf548r36rb-16
2025-11-24 00:05:18.294638+00:00,memory,"Memória RAM Kingston Fury Renegade Pro, 16GB, 4800MHz, DDR5, ECC Reg CL36, PnP, para Servidor, Preto - KF548R36RB-16",971.99,https://www.kabum.com.br/produto/481322/memoria-ram-kingston-fury-renegade-pro-16gb-4800mhz-ddr5-ecc-reg-cl36-pnp-para-servidor-preto-kf548r36rb-16
2025-11-24 01:06:55.397458+00:00,memory,"Memória RAM Kingston Fury Renegade Pro, 16GB, 4800MHz, DDR5, ECC Reg CL36, PnP, para Servidor, Preto - KF548R36RB-16",971.99,https://www.kabum.com.br/produto/481322/memoria-ram-kingston-fury-renegade-pro-16gb-4800mhz-ddr5-ecc-reg-cl36-pnp-para-servidor-preto-kf548r36rb-16
2025-11-24 02:05:13.764132+00:00,memory,"Memória RAM Kingston Fury Renegade Pro, 16GB, 4800MHz, DDR5, ECC Reg CL36, PnP, para Servidor, Preto - KF548R36RB-16",971.99,https://www.kabum.com.br/produto/481322/memoria-ram-kingston-fury-renegade-pro-16gb-4800mhz-ddr5-ecc-reg-cl36-pnp-para-servidor-preto-kf548r36rb-16
2025-11-24 03:06:51.646518+00:00,memory,"Memória RAM Kingston Fury Renegade Pro, 16GB, 4800MHz, DDR5, ECC Reg CL36, PnP, para Servidor, Preto - KF548R36RB-16",971.99,https://www.kabum.com.br/produto/481322/memoria-ram-kingston-fury-renegade-pro-16gb-4800mhz-ddr5-ecc-reg-cl36-pnp-para-servidor-preto-kf548r36rb-16
2025-11-24 04:05:18.506699+00:00,memory,"Memória RAM Kingston Fury Renegade Pro, 16GB, 4800MHz, DDR5, ECC Reg CL36, PnP, para Servidor, Preto - KF548R36RB-16",971.99,https://www.kabum.com.br/produto/481322/memoria-ram-kingston-fury-renegade-pro-16gb-4800mhz-ddr5-ecc-reg-cl36-pnp-para-servidor-preto-kf548r36rb-16
2025-11-24 05:09:56.122273+00:00,memory,"Memória RAM Kingston Fury Renegade Pro, 16GB, 4800MHz, DDR5, ECC Reg CL36, PnP, para Servidor, Preto - KF548R36RB-16",971.99,https://www.kabum.com.br/produto/481322/memoria-ram-kingston-fury-renegade-pro-16gb-4800mhz-ddr5-ecc-reg-cl36-pnp-para-servidor-preto-kf548r36rb-16
2025-11-24 06:05:15.531277+00:00,memory,"Memória RAM Kingston Fury Renegade Pro, 16GB, 4800MHz, DDR5, ECC Reg CL36, PnP, para Servidor, Preto - KF548R36RB-16",971.99,https://www.kabum.com.br/produto/481322/memoria-ram-kingston-fury-renegade-pro-16gb-4800mhz-ddr5-ecc-reg-cl36-pnp-para-servidor-preto-kf548r36rb-16
2025-11-24 07:06:52.699373+00:00,memory,"Memória RAM Kingston Fury Renegade Pro, 16GB, 4800MHz, DDR5, ECC Reg CL36, PnP, para Servidor, Preto - KF548R36RB-16",971.99,https://www.kabum.com.br/produto/481322/memoria-ram-kingston-fury-renegade-pro-16gb-4800mhz-ddr5-ecc-reg-cl36-pnp-para-servidor-preto-kf548r36rb-16
2025-11-24 14:44:34.113364+00:00,memory,"Memória RAM Kingston Fury Renegade Pro, 16GB, 4800MHz, DDR5, ECC Reg CL36, PnP, para Servidor, Preto - KF548R36RB-16",971.99,https://www.kabum.com.br/produto/481322/memoria-ram-kingston-fury-renegade-pro-16gb-4800mhz-ddr5-ecc-reg-cl36-pnp-para-servidor-preto-kf548r36rb-16
2025-11-24 15:46:13.451473+00:00,memory,"Memória RAM Kingston Fury Renegade Pro, 16GB, 4800MHz, DDR5, ECC Reg CL36, PnP, para Servidor, Preto - KF548R36RB-16",971.99,https://www.kabum.com.br/produto/481322/memoria-ram-kingston-fury-renegade-pro-16gb-4800mhz-ddr5-ecc-reg-cl36-pnp-para-servidor-preto-kf548r36rb-16
2025-11-24 16:44:34.976597+00:00,memory,"Memória RAM Kingston Fury Renegade Pro, 16GB, 4800MHz, DDR5, ECC Reg CL36, PnP, para Servidor, Preto - KF548R36RB-16",971.99,https://www.kabum.com.br/produto/481322/memoria-ram-kingston-fury-renegade-pro-16gb-4800mhz-ddr5-ecc-reg-cl36-pnp-para-servidor-preto-kf548r36rb-16
2025-11-24 17:52:57.739710+00:00,memory,"Memória RAM Kingston Fury Renegade Pro, 16GB, 4800MHz, DDR5, ECC Reg CL36, PnP, para Servidor, Preto - KF548R36RB-16",971.99,https://www.kabum.com.br/produto/481322/memoria-ram-kingston-fury-renegade-pro-16gb-4800mhz-ddr5-ecc-reg-cl36-pnp-para-servidor-preto-kf548r36rb-16
2025-11-24 18:51:18.603392+00:00,memory,"Memória RAM Kingston Fury Renegade Pro, 16GB, 4800MHz, DDR5, ECC Reg CL36, PnP, para Servidor, Preto - KF548R36RB-16",971.99,https://www.kabum.com.br/produto/481322/memoria-ram-kingston-fury-renegade-pro-16gb-4800mhz-ddr5-ecc-reg-cl36-pnp-para-servidor-preto-kf548r36rb-16
2025-11-24 19:53:06.796555+00:00,memory,"Memória RAM Kingston Fury Renegade Pro, 16GB, 4800MHz, DDR5, ECC Reg CL36, PnP, para Servidor, Preto - KF548R36RB-16",971.99,https://www.kabum.com.br/produto/481322/memoria-ram-kingston-fury-renegade-pro-16gb-4800mhz-ddr5-ecc-reg-cl36-pnp-para-servidor-preto-kf548r36rb-16
2025-11-24 20:51:25.449805+00:00,memory,"Memória RAM Kingston Fury Renegade Pro, 16GB, 4800MHz, DDR5, ECC Reg CL36, PnP, para Servidor, Preto - KF548R36RB-16",971.99,https://www.kabum.com.br/produto/481322/memoria-ram-kingston-fury-renegade-pro-16gb-4800mhz-ddr5-ecc-reg-cl36-pnp-para-servidor-preto-kf548r36rb-16
2025-11-24 21:52:56.322570+00:00,memory,"Memória RAM Kingston Fury Renegade Pro, 16GB, 4800MHz, DDR5, ECC Reg CL36, PnP, para Servidor, Preto - KF548R36RB-16",971.99,https://www.kabum.com.br/produto/481322/memoria-ram-kingston-fury-renegade-pro-16gb-4800mhz-ddr5-ecc-reg-cl36-pnp-para-servidor-preto-kf548r36rb-16
2025-11-24 22:51:19.411046+00:00,memory,"Memória RAM Kingston Fury Renegade Pro, 16GB, 4800MHz, DDR5, ECC Reg CL36, PnP, para Servidor, Preto - KF548R36RB-16",971.99,https://www.kabum.com.br/produto/481322/memoria-ram-kingston-fury-renegade-pro-16gb-4800mhz-ddr5-ecc-reg-cl36-pnp-para-servidor-preto-kf548r36rb-16
2025-11-25 15:08:30.904138+00:00,memory,"Memória RAM Kingston Fury Renegade Pro, 16GB, 4800MHz, DDR5, ECC Reg CL36, PnP, para Servidor, Preto - KF548R36RB-16",971.99,https://www.kabum.com.br/produto/481322/memoria-ram-kingston-fury-renegade-pro-16gb-4800mhz-ddr5-ecc-reg-cl36-pnp-para-servidor-preto-kf548r36rb-16
2025-11-25 16:06:48.535629+00:00,memory,"Memória RAM Kingston Fury Renegade Pro, 16GB, 4800MHz, DDR5, ECC Reg CL36, PnP, para Servidor, Preto - KF548R36RB-16",971.99,https://www.kabum.com.br/produto/481322/memoria-ram-kingston-fury-renegade-pro-16gb-4800mhz-ddr5-ecc-reg-cl36-pnp-para-servidor-preto-kf548r36rb-16
2025-11-25 17:08:24.073171+00:00,memory,"Memória RAM Kingston Fury Renegade Pro, 16GB, 4800MHz, DDR5, ECC Reg CL36, PnP, para Servidor, Preto - KF548R36RB-16",971.99,https://www.kabum.com.br/produto/481322/memoria-ram-kingston-fury-renegade-pro-16gb-4800mhz-ddr5-ecc-reg-cl36-pnp-para-servidor-preto-kf548r36rb-16
2025-11-25 18:06:53.879520+00:00,memory,"Memória RAM Kingston Fury Renegade Pro, 16GB, 4800MHz, DDR5, ECC Reg CL36, PnP, para Servidor, Preto - KF548R36RB-16",971.99,https://www.kabum.com.br/produto/481322/memoria-ram-kingston-fury-renegade-pro-16gb-4800mhz-ddr5-ecc-reg-cl36-pnp-para-servidor-preto-kf548r36rb-16
2025-11-25 19:08:28.804392+00:00,memory,"Memória RAM Kingston Fury Renegade Pro, 16GB, 4800MHz, DDR5, ECC Reg CL36, PnP, para Servidor, Preto - KF548R36RB-16",971.99,https://www.kabum.com.br/produto/481322/memoria-ram-kingston-fury-renegade-pro-16gb-4800mhz-ddr5-ecc-reg-cl36-pnp-para-servidor-preto-kf548r36rb-16
2025-11-25 20:06:56.925693+00:00,memory,"Memória RAM Kingston Fury Renegade Pro, 16GB, 4800MHz, DDR5, ECC Reg CL36, PnP, para Servidor, Preto - KF548R36RB-16",971.99,https://www.kabum.com.br/produto/481322/memoria-ram-kingston-fury-renegade-pro-16gb-4800mhz-ddr5-ecc-reg-cl36-pnp-para-servidor-preto-kf548r36rb-16
2025-11-25 21:08:31.202644+00:00,memory,"Memória RAM Kingston Fury Renegade Pro, 16GB, 4800MHz, DDR5, ECC Reg CL36, PnP, para Servidor, Preto - KF548R36RB-16",971.99,https://www.kabum.com.br/produto/481322/memoria-ram-kingston-fury-renegade-pro-16gb-4800mhz-ddr5-ecc-reg-cl36-pnp-para-servidor-preto-kf548r36rb-16
2025-11-25 22:06:54.168752+00:00,memory,"Memória RAM Kingston Fury Renegade Pro, 16GB, 4800MHz, DDR5, ECC Reg CL36, PnP, para Servidor, Preto - KF548R36RB-16",971.99,https://www.kabum.com.br/produto/481322/memoria-ram-kingston-fury-renegade-pro-16gb-4800mhz-ddr5-ecc-reg-cl36-pnp-para-servidor-preto-kf548r36rb-16
2025-11-25 23:08:22.516460+00:00,memory,"Memória RAM Kingston Fury Beast XMP, 16GB, 6800MT/s DDR5, DIMM, CL34, Branco - KF568C34BW-16",759.99,https://www.kabum.com.br/produto/616599/memoria-ram-kingston-fury-beast-xmp-16gb-6800mt-s-ddr5-dimm-cl34-branco-kf568c34bw-16
2025-11-25 23:08:22.516460+00:00,memory,"Memória RAM Kingston Fury Renegade Pro, 16GB, 4800MHz, DDR5, ECC Reg CL36, PnP, para Servidor, Preto - KF548R36RB-16",971.99,https://www.kabum.com.br/produto/481322/memoria-ram-kingston-fury-renegade-pro-16gb-4800mhz-ddr5-ecc-reg-cl36-pnp-para-servidor-preto-kf548r36rb-16
2025-11-26 14:30:52.019460+00:00,memory,"Memória RAM Kingston Fury Renegade Pro, 16GB, 4800MHz, DDR5, ECC Reg CL36, PnP, para Servidor, Preto - KF548R36RB-16",971.99,https://www.kabum.com.br/produto/481322/memoria-ram-kingston-fury-renegade-pro-16gb-4800mhz-ddr5-ecc-reg-cl36-pnp-para-servidor-preto-kf548r36rb-16
2025-11-26 15:32:22.585215+00:00,memory,"Memória RAM Kingston Fury Renegade Pro, 16GB, 4800MHz, DDR5, ECC Reg CL36, PnP, para Servidor, Preto - KF548R36RB-16",971.99,https://www.kabum.com.br/produto/481322/memoria-ram-kingston-fury-renegade-pro-16gb-4800mhz-ddr5-ecc-reg-cl36-pnp-para-servidor-preto-kf548r36rb-16
2025-11-26 16:30:53.505667+00:00,memory,"Memória RAM Kingston Fury Renegade Pro, 16GB, 4800MHz, DDR5, ECC Reg CL36, PnP, para Servidor, Preto - KF548R36RB-16",971.99,https://www.kabum.com.br/produto/481322/memoria-ram-kingston-fury-renegade-pro-16gb-4800mhz-ddr5-ecc-reg-cl36-pnp-para-servidor-preto-kf548r36rb-16
2025-11-26 17:32:25.478265+00:00,memory,"Memória RAM Kingston Fury Renegade Pro, 16GB, 4800MHz, DDR5, ECC Reg CL36, PnP, para Servidor, Preto - KF548R36RB-16",971.99,https://www.kabum.com.br/produto/481322/memoria-ram-kingston-fury-renegade-pro-16gb-4800mhz-ddr5-ecc-reg-cl36-pnp-para-servidor-preto-kf548r36rb-16
2025-11-26 18:30:45.751796+00:00,memory,"Memória RAM Kingston Fury Renegade Pro, 16GB, 4800MHz, DDR5, ECC Reg CL36, PnP, para Servidor, Preto - KF548R36RB-16",971.99,https://www.kabum.com.br/produto/481322/memoria-ram-kingston-fury-renegade-pro-16gb-4800mhz-ddr5-ecc-reg-cl36-pnp-para-servidor-preto-kf548r36rb-16
2025-11-26 19:32:24.099284+00:00,memory,"Memória RAM Kingston Fury Renegade Pro, 16GB, 4800MHz, DDR5, ECC Reg CL36, PnP, para Servidor, Preto - KF548R36RB-16",971.99,https://www.kabum.com.br/produto/481322/memoria-ram-kingston-fury-renegade-pro-16gb-4800mhz-ddr5-ecc-reg-cl36-pnp-para-servidor-preto-kf548r36rb-16
2025-11-26 20:31:01.559582+00:00,memory,"Memória RAM Kingston Fury Renegade Pro, 16GB, 4800MHz, DDR5, ECC Reg CL36, PnP, para Servidor, Preto - KF548R36RB-16",971.99,https://www.kabum.com.br/produto/481322/memoria-ram-kingston-fury-renegade-pro-16gb-4800mhz-ddr5-ecc-reg-cl36-pnp-para-servidor-preto-kf548r36rb-16
2025-11-26 21:32:25.061265+00:00,memory,"Memória RAM Kingston Fury Renegade Pro, 16GB, 4800MHz, DDR5, ECC Reg CL36, PnP, para Servidor, Preto - KF548R36RB-16",971.99,https://www.kabum.com.br/produto/481322/memoria-ram-kingston-fury-renegade-pro-16gb-4800mhz-ddr5-ecc-reg-cl36-pnp-para-servidor-preto-kf548r36rb-16
2025-11-26T19:30:49.216716-03:00,memory,"Memória RAM Kingston Fury Renegade Pro, 16GB, 4800MHz, DDR5, ECC Reg CL36, PnP, para Servidor, Preto - KF548R36RB-16",971.99,https://www.kabum.com.br/produto/481322/memoria-ram-kingston-fury-renegade-pro-16gb-4800mhz-ddr5-ecc-reg-cl36-pnp-para-servidor-preto-kf548r36rb-16
2025-11-27T11:49:05.640754-03:00,memory,"Memória RAM Kingston Fury Beast XMP, 16GB, 6800MT/s DDR5, DIMM, CL34, Branco - KF568C34BW-16",759.99,https://www.kabum.com.br/produto/616599/memoria-ram-kingston-fury-beast-xmp-16gb-6800mt-s-ddr5-dimm-cl34-branco-kf568c34bw-16
2025-11-27T11:49:05.640754-03:00,memory,"Memória RAM Kingston Fury Renegade Pro, 16GB, 4800MHz, DDR5, ECC Reg CL36, PnP, para Servidor, Preto - KF548R36RB-16",971.99,https://www.kabum.com.br/produto/481322/memoria-ram-kingston-fury-renegade-pro-16gb-4800mhz-ddr5-ecc-reg-cl36-pnp-para-servidor-preto-kf548r36rb-16
2025-11-27T12:47:31.541545-03:00,memory,"Memória RAM Kingston Fury Beast XMP, 16GB, 6800MT/s DDR5, DIMM, CL34, Branco - KF568C34BW-16",759.99,https://www.kabum.com.br/produto/616599/memoria-ram-kingston-fury-beast-xmp-16gb-6800mt-s-ddr5-dimm-cl34-branco-kf568c34bw-16
2025-11-27T12:47:31.541545-03:00,memory,"Memória RAM Kingston Fury Renegade Pro, 16GB, 4800MHz, DDR5, ECC Reg CL36, PnP, para Servidor, Preto - KF548R36RB-16",971.99,https://www.kabum.com.br/produto/481322/memoria-ram-kingston-fury-renegade-pro-16gb-4800mhz-ddr5-ecc-reg-cl36-pnp-para-servidor-preto-kf548r36rb-16
2025-11-27T13:49:02.326379-03:00,memory,"Memória RAM Kingston Fury Beast XMP, 16GB, 6800MT/s DDR5, DIMM, CL34, Branco - KF568C34BW-16",759.99,https://www.kabum.com.br/produto/616599/memoria-ram-kingston-fury-beast-xmp-16gb-6800mt-s-ddr5-dimm-cl34-branco-kf568c34bw-16
2025-11-27T13:49:02.326379-03:00,memory,"Memória RAM Kingston Fury Renegade Pro, 16GB, 4800MHz, DDR5, ECC Reg CL36, PnP, para Servidor, Preto - KF548R36RB-16",971.99,https://www.kabum.com.br/produto/481322/memoria-ram-kingston-fury-renegade-pro-16gb-4800mhz-ddr5-ecc-reg-cl36-pnp-para-servidor-preto-kf548r36rb-16
2025-11-27T14:47:27.346121-03:00,memory,"Memória RAM Kingston Fury Beast XMP, 16GB, 6800MT/s DDR5, DIMM, CL34, Branco - KF568C34BW-16",759.99,https://www.kabum.com.br/produto/616599/memoria-ram-kingston-fury-beast-xmp-16gb-6800mt-s-ddr5-dimm-cl34-branco-kf568c34bw-16
2025-11-27T14:47:27.346121-03:00,memory,"Memória RAM Kingston Fury Renegade Pro, 16GB, 4800MHz, DDR5, ECC Reg CL36, PnP, para Servidor, Preto - KF548R36RB-16",971.99,https://www.kabum.com.br/produto/481322/memoria-ram-kingston-fury-renegade-pro-16gb-4800mhz-ddr5-ecc-reg-cl36-pnp-para-servidor-preto-kf548r36rb-16
2025-11-27T15:49:04.787577-03:00,memory,"Memória RAM Kingston Fury Beast XMP, 16GB, 6800MT/s DDR5, DIMM, CL34, Branco - KF568C34BW-16",759.99,https://www.kabum.com.br/produto/616599/memoria-ram-kingston-fury-beast-xmp-16gb-6800mt-s-ddr5-dimm-cl34-branco-kf568c34bw-16
2025-11-27T15:49:04.787577-03:00,memory,"Memória RAM Kingston Fury Renegade Pro, 16GB, 4800MHz, DDR5, ECC Reg CL36, PnP, para Servidor, Preto - KF548R36RB-16",971.99,https://www.kabum.com.br/produto/481322/memoria-ram-kingston-fury-renegade-pro-16gb-4800mhz-ddr5-ecc-reg-cl36-pnp-para-servidor-preto-kf548r36rb-16
2025-11-27T16:47:27.337261-03:00,memory,"Memória RAM Kingston Fury Beast XMP, 16GB, 6800MT/s DDR5, DIMM, CL34, Branco - KF568C34BW-16",759.99,https://www.kabum.com.br/produto/616599/memoria-ram-kingston-fury-beast-xmp-16gb-6800mt-s-ddr5-dimm-cl34-branco-kf568c34bw-16
2025-11-27T16:47:27.337261-03:00,memory,"Memória RAM Kingston Fury Renegade Pro, 16GB, 4800MHz, DDR5, ECC Reg CL36, PnP, para Servidor, Preto - KF548R36RB-16",971.99,https://www.kabum.com.br/produto/481322/memoria-ram-kingston-fury-renegade-pro-16gb-4800mhz-ddr5-ecc-reg-cl36-pnp-para-servidor-preto-kf548r36rb-16
2025-11-27T17:49:03.304285-03:00,memory,"Memória RAM Kingston Fury Beast XMP, 16GB, 6800MT/s DDR5, DIMM, CL34, Branco - KF568C34BW-16",759.99,https://www.kabum.com.br/produto/616599/memoria-ram-kingston-fury-beast-xmp-16gb-6800mt-s-ddr5-dimm-cl34-branco-kf568c34bw-16
2025-11-27T17:49:03.304285-03:00,memory,"Memória RAM Kingston Fury Renegade Pro, 16GB, 4800MHz, DDR5, ECC Reg CL36, PnP, para Servidor, Preto - KF548R36RB-16",971.99,https://www.kabum.com.br/produto/481322/memoria-ram-kingston-fury-renegade-pro-16gb-4800mhz-ddr5-ecc-reg-cl36-pnp-para-servidor-preto-kf548r36rb-16
2025-11-27T18:47:21.855604-03:00,memory,"Memória RAM Kingston Fury Beast XMP, 16GB, 6800MT/s DDR5, DIMM, CL34, Branco - KF568C34BW-16",759.99,https://www.kabum.com.br/produto/616599/memoria-ram-kingston-fury-beast-xmp-16gb-6800mt-s-ddr5-dimm-cl34-branco-kf568c34bw-16
2025-11-27T18:47:21.855604-03:00,memory,"Memória RAM Kingston Fury Renegade Pro, 16GB, 4800MHz, DDR5, ECC Reg CL36, PnP, para Servidor, Preto - KF548R36RB-16",971.99,https://www.kabum.com.br/produto/481322/memoria-ram-kingston-fury-renegade-pro-16gb-4800mhz-ddr5-ecc-reg-cl36-pnp-para-servidor-preto-kf548r36rb-16
2025-11-27T19:49:08.739395-03:00,memory,"Memória RAM Kingston Fury Beast XMP, 16GB, 6800MT/s DDR5, DIMM, CL34, Branco - KF568C34BW-16",759.99,https://www.kabum.com.br/produto/616599/memoria-ram-kingston-fury-beast-xmp-16gb-6800mt-s-ddr5-dimm-cl34-branco-kf568c34bw-16
2025-11-27T19:49:08.739395-03:00,memory,"Memória RAM Kingston Fury Renegade Pro, 16GB, 4800MHz, DDR5, ECC Reg CL36, PnP, para Servidor, Preto - KF548R36RB-16",971.99,https://www.kabum.com.br/produto/481322/memoria-ram-kingston-fury-renegade-pro-16gb-4800mhz-ddr5-ecc-reg-cl36-pnp-para-servidor-preto-kf548r36rb-16
2025-11-28T01:39:11.658563-03:00,memory,"Memória RAM Kingston Fury Beast XMP, 16GB, 6800MT/s DDR5, DIMM, CL34, Branco - KF568C34BW-16",759.99,https://www.kabum.com.br/produto/616599/memoria-ram-kingston-fury-beast-xmp-16gb-6800mt-s-ddr5-dimm-cl34-branco-kf568c34bw-16
2025-11-28T01:39:11.658563-03:00,memory,"Memória RAM Kingston Fury Renegade Pro, 16GB, 4800MHz, DDR5, ECC Reg CL36, PnP, para Servidor, Preto - KF548R36RB-16",971.99,https://www.kabum.com.br/produto/481322/memoria-ram-kingston-fury-renegade-pro-16gb-4800mhz-ddr5-ecc-reg-cl36-pnp-para-servidor-preto-kf548r36rb-16
2025-11-28T02:24:36.540983-03:00,memory,"Memória RAM Kingston Fury Beast XMP, 16GB, 6800MT/s DDR5, DIMM, CL34, Branco - KF568C34BW-16",759.99,https://www.kabum.com.br/produto/616599/memoria-ram-kingston-fury-beast-xmp-16gb-6800mt-s-ddr5-dimm-cl34-branco-kf568c34bw-16
2025-11-28T02:24:36.540983-03:00,memory,"Memória RAM Kingston Fury Renegade Pro, 16GB, 4800MHz, DDR5, ECC Reg CL36, PnP, para Servidor, Preto - KF548R36RB-16",971.99,https://www.kabum.com.br/produto/481322/memoria-ram-kingston-fury-renegade-pro-16gb-4800mhz-ddr5-ecc-reg-cl36-pnp-para-servidor-preto-kf548r36rb-16
2025-11-28T03:39:07.059606-03:00,memory,"Memória RAM Kingston Fury Beast XMP, 16GB, 6800MT/s DDR5, DIMM, CL34, Branco - KF568C34BW-16",759.99,https://www.kabum.com.br/produto/616599/memoria-ram-kingston-fury-beast-xmp-16gb-6800mt-s-ddr5-dimm-cl34-branco-kf568c34bw-16
2025-11-28T03:39:07.060621-03:00,memory,"Memória RAM Kingston Fury Renegade Pro, 16GB, 4800MHz, DDR5, ECC Reg CL36, PnP, para Servidor, Preto - KF548R36RB-16",971.99,https://www.kabum.com.br/produto/481322/memoria-ram-kingston-fury-renegade-pro-16gb-4800mhz-ddr5-ecc-reg-cl36-pnp-para-servidor-preto-kf548r36rb-16
2025-11-28T04:24:30.964309-03:00,memory,"Memória RAM Kingston Fury Beast XMP, 16GB, 6800MT/s DDR5, DIMM, CL34, Branco - KF568C34BW-16",759.99,https://www.kabum.com.br/produto/616599/memoria-ram-kingston-fury-beast-xmp-16gb-6800mt-s-ddr5-dimm-cl34-branco-kf568c34bw-16
2025-11-28T04:24:30.964309-03:00,memory,"Memória RAM Kingston Fury Renegade Pro, 16GB, 4800MHz, DDR5, ECC Reg CL36, PnP, para Servidor, Preto - KF548R36RB-16",971.99,https://www.kabum.com.br/produto/481322/memoria-ram-kingston-fury-renegade-pro-16gb-4800mhz-ddr5-ecc-reg-cl36-pnp-para-servidor-preto-kf548r36rb-16
2025-11-28T05:39:00.318565-03:00,memory,"Memória RAM Kingston Fury Beast XMP, 16GB, 6800MT/s DDR5, DIMM, CL34, Branco - KF568C34BW-16",759.99,https://www.kabum.com.br/produto/616599/memoria-ram-kingston-fury-beast-xmp-16gb-6800mt-s-ddr5-dimm-cl34-branco-kf568c34bw-16
2025-11-28T05:39:00.318565-03:00,memory,"Memória RAM Kingston Fury Renegade Pro, 16GB, 4800MHz, DDR5, ECC Reg CL36, PnP, para Servidor, Preto - KF548R36RB-16",971.99,https://www.kabum.com.br/produto/481322/memoria-ram-kingston-fury-renegade-pro-16gb-4800mhz-ddr5-ecc-reg-cl36-pnp-para-servidor-preto-kf548r36rb-16
